Bew.-Nr.;Firmenname;Adresse;PLZ;Ort/Region;Kategorie;Weitere Aktivitäten;Tierart
70147816;Abattoir Communal;Ch. de la Villaire 8;1040;Echallens VD;SH, CP;;B, C, O, P, S
70147795;Abattoir d'Orsieres;Rue de la Commune 3;1937;Orsières VS;SH;SH(II);B, C, O, P, S
42018154;Abattoir de la Vallée;;1874;Champéry VS;SH;;B, C, O, P, S
65078572;Abattoir de la Vallée de Joux;;1344;L'Abbaye VD;SH, CP;;B, C, O, P, S
16-GE-27714;Abattoir de Loëx Sàrl;Route de Loëx 157;1233;Bernex GE;SH;SH(II);B, C, O, P
70593921;Abattoir de Meinier;Case Postale 125;1252;Meinier GE;SH, CP;SH(II), CP(II), SH(III), CP(III);B, C, O, P
70148558;Abattoir des Marais Sàrl;Chemin des Marais 2;1470;Estavayer-le-Lac FR;SH;SH(II);B, C, O, P, S
70147837;Abattoir le Vergnolet;Rte de Cremières 2;1070;Puidoux VD;SH;;B, C, O, P, S
77417802;Abattoir Régional d'Avenches;Rte de la Plaine 64;1580;Avenches VD;SH;SH(III);B, C, O, P, S
66582220;Abattoir régional Les Ponts-de-Martel;Les Barres ;2316;Les Ponts-de-Martel NE;SH;SH(III);B, C, O, P, S
66645315;Abattoirs de la Vallée Sàrl;Rue des Artisans 13;2830;Courrendlin JU;SH;SH(III);B, C, O, P, S
73257847;Abattoirs de Moudon SEAM SA;Rte de Siviriez 12;1510;Moudon VD;SH, CP;;B, C, O
65414232;"Abattoirs de Moutier &amp; env. SA";;2740;Moutier BE;SH;SH(II), SH(III);B, C, O, P, S
68886628;Abattoirs Simon Rouiller SA;ch. des Abattoirs 6;1627;Vaulruz FR;SH, CP;SH(II), CP(II), SH(III), CP(III), MM(V), PP(VI);B, C, O, P, S
70147821;Administration Communale;Pl. du Village 1;1088;Ropraz VD;SH;SH(III);
42412502;Adrian Bürgisser;Schlachthaus Riedtal ;6126;Daiwil LU;SH;;B, C, O, P, S
52609955;Agroscope;rte de la Tioleyre 4;1725;Posieux FR;SH, CP;;B, C, O, P
41566514;Andreas Galliker;Gärbigass ;6215;Beromünster LU;SH;;B, C, O, P
70215523;Andrist Peter;Dorfstrasse 46;4452;Itingen BL;SH;SH(II), SH(III);B, C, O, P
42803025;Arnold - Felber Hans, Kundenmetzgerei;Hint. Mühletal (Schlachtbetrieb) ;6130;Willisau LU;SH;;B, C, O, P
70149373;Bauernverein Gossau;Berghofstrasse 56,1;8625;Gossau ZH ZH;SH;SH(II), SH(III);B, C, O, P, S
62693245;Baumgartner Otto;Amriswilerstrasse 51;8589;Sitterdorf TG;SH;;B, C, O, P, S
94744024;Bell Schweiz AG Lehrlingsschlachtung;Schlachthofstrasse 55;4056;Basel BS;SH;;B
145;Bell Schweiz AG, Frischfleisch Oensingen;Dünnernstrasse 31;4702;Oensingen SO;SH, CP;CS(0), RW(0), MM(V), MP(V), PP(XIII);B, O
40877726;Berchtold Fleisch AG;Hauptstr. 36;5037;Muhen AG;SH;SH(II), SH(III), GHE(IV);B, C, O, P, S
40392969;Berchtold Metzgerei AG;Buonaserstrasse 2;6343;Rotkreuz ZG;SH;SH(II);B, C, O, P
41582453;Bertiswiler Metzg AG;Bertiswilerstr. 75;6023;Rothenburg LU;SH;;B, C, O, P
55270022;Betriebsgenossenschaft Metzgerschaft Berner Oberland;Uttigenstrasse 142;3603;Thun BE;SH, CP;RW(0), WM(0), CP(III), PP(VI);B, C, O, P, S
70626875;Bieri Martin;Huebwiesstr. 6;8492;Wila ZH;SH;SH(II), SH(III);B, C, O, P, S
66614694;Bio-Metzg AG;Erlenweg 6;3422;Kirchberg BE BE;SH;;B, C, O, P
79810306;Bio-Metzg AG;Birchistrasse 20;3049;Säriswil BE;SH;SH(II), SH(III), GHE(IV);B, C, O, P, S
73387084;Bircher Eduard;Dorfplatz 74;5063;Wölflinswil AG;SH;SH(II), SH(III), GHE(IV);B, C, O, P, S
41053042;"Blaser Ernst &amp; René";Hauptstrasse 47;5070;Frick AG;SH;SH(II), SH(III), GHE(IV);B, C, O, P, S
66679251;"Blöchlinger-Wyss Hans &amp; Susi";Höf 1;7313;St. Margrethenberg SG;SH;;B, C, O, P, S
64921821;Borgeaud, Viande en gros Gaëtan;Grandes Maresches ;1920;Martigny VS;SH;;B, C, O, P, S
62335367;"Boucherie &amp; Chevaline Serge Gremaud Sàrl";rte de Fribourg 31;1726;Farvagny-le-Grand FR;SH, CP;SH(II), CP(II);B, C, O, P
53549344;"Boucherie &amp; Epicerie Erard SA";Av. Centrale 45;1885;Chesières VD;SH, CP;;B, C, O, P, S
65878942;Boucherie CARNATA Sàrl;Prés Joyeux 5;2710;Tavannes BE;SH;SH(II), SH(III);B, C, O, P, S
A62744250;Boucherie de la Vallée, ZUFFEREY Gilbert;;3961;Vissoie VS;SH;;B, C, O, P, S
CH41443897;Boucherie Domon SA;Pl. de la Liberté 1;2942;Alle JU;SH;SH(II);B, C, O, P
41973348;Boucherie du Mouret Philippe Künzli;ch. de la Croix-Blanche 3;1724;Le Mouret FR;SH;SH(II);B, C, O, P
41309621;Boucherie Junod;Grand-Rue 16;2606;Corgémont BE;SH;SH(II), GHE(IV);B, O, P, S
41360827;Boucherie Krebs SA;Rue Principale 36;2735;Bévilard BE;SH;SH(III);B, C, O, P
40014670;"Boucherie Ledermann &amp; Cie";Rte du Marchairuz 12;1145;Bière VD;SH, CP;;B, C, O, P, S
61658658;Boucherie Matzinger-Bühler;;2606;Corgémont BE;SH;SH(II), SH(III), GHE(IV);B, C, O, P, S
CH41430573;Boucherie Neuenschwander;Route de Courtemblin 8;2950;Courgenay JU;SH;;B, C, O, P
70658369;Boucherie Nyffeler SA;Rue du Clos 4;2740;Moutier BE;SH;SH(II);B, O, P
68742246;Boucherie Schnegg;Chemin de la scierie 4;2738;Court BE;SH;SH(II);B, C, O, P, S
14324114;Boucherie Vuitel;;2612;Cormoret BE;SH;GHE(IV);B, C, O, P
CH41344631;Boucherie-Traiteur Kottelat SA;Simon-Feunat 3;2854;Bassecourt JU;SH;SH(II);B, C, O, P, S
65372310;Breu Philipp;;8219;Trasadingen SH;SH;SH(II), SH(III);B, C, O, P, S
42990329;Buremetzg Kohler;Oberäbnit ;3457;Wasen im Emmental BE;SH;SH(II), GHE(IV);B, C, O, P
52281402;Burämetzg Thürig AG;Bahnhofstrasse 2;9615;Dietfurt SG;SH;SH(II);B, C, O, P, S
65317079;Buure-Metzg Kym;Riburgerstr. 35;4313;Möhlin AG;SH;SH(II), SH(III), GHE(IV);B, C, O, P, S
55035018;Cassani Metzg GmbH;Quartnerstrasse 19;8882;Unterterzen SG;SH;SH(II), SH(III), GHE(IV);B, C, O, P, S
70147732;Commune de Val de Bagnes;Place Centrale ;1934;Le Châble VS VS;SH;;B, C, O, P, S
75365146;"Cooperative d'Exploitation de l'Abattoir Régional de Rolle &amp; Environs (CARRE)";Creux-du-Mas 4;1180;Rolle VD;SH, CP;;B, C, O, P, S
CH70147711;De Biasio Kevin;Chemin des Lavoirs ;2854;Bassecourt JU;SH;SH(III), GHE(IV);B, C, O, P
43213424;Diethelm-Schnellmann Wendelin;Höhgadenstrasse 45;8852;Altendorf SZ;SH;;B, C, O, P
40931729;Dobler Adrian;Eggethof 83;8585;Langrickenbach TG;SH;SH(II), SH(III), GHE(IV);B, C, O, P
41023535;Dorfmetzg Gebr. Müller;Zürcherstrasse 31;4332;Stein AG AG;SH;SH(II), SH(III), GHE(IV);B, C, O, P, S
65907179;Dorfmetzg GmbH;Dorfmetzg GmbH ;6196;Marbach LU LU;SH;;B, C, O, P
54430007;Dorfmetzg Langnau AG;Mitteldorf ;6262;Langnau b. Reiden LU;SH;;B, C, O, P, S
46126839;Dorfmetzg Tanner AG;Felseggstrasse 24;9247;Henau SG;SH;MP(V), PP(VI);B, C, O, P
64503975;Dorfmetzg Wüthrich;;3534;Signau BE;SH;SH(III);B, C, O, P
41441292;Dorfplatz-Zentrum Moser Muster;Dorfstrasse 10-14;3662;Seftigen BE;SH;;B, C, O, P
40586561;Eggs Beat;;3998;Reckingen VS VS;SH;SH(III);B, C, O, P, S
70147952;"Einwohnergemeinde &amp; Schlachthaus";Hirsackerstrasse 2;5272;Gansingen AG;SH;SH(II), SH(III), GHE(IV);B, C, O, P, S
73044356;Etablisements de la Plaine de l'Orbe;La Colonie ;1350;Orbe VD;SH;;
50683631;Etablissement de détention fribourgeois EDFR -Bellechasse;Bellechasse ;1786;Sugiez FR;SH, CP;PP(VI);B, C, O, P
50322658;Felix Ulmann AG;Hauptstrasse 181;5732;Zetzwil AG;SH;SH(II), SH(III), GHE(IV);B, C, O, P, S
155;FF Frischfleisch AG;Zeughausstrasse 14;6210;Sursee LU;SH, CP;CP(II), MM(V), MP(V);B, C, O, P
CH-155;FF Frischfleisch AG;Zeughausstrasse 14;6210;Sursee LU;SH, CP;CP(II), MM(V), MP(V);B, C, O, P
70218990;Fischbacher Buremetzg AG;Lerchenfeld ;9601;Lütisburg Station SG;SH;;B, C, O, P, S
65986542;"Fleisch und Brau AG - Schlachthof &amp; Wursterei";Dorfstr. 2;1717;St. Ursen FR;SH;SH(III);B, C, O, P
64702269;Fleischgewinnung appenzeller fleisch und feinkost ag;Mettlenstrasse 29;9050;Appenzell AI;SH, CP;SH(II), CP(II), SH(III), CP(III), CP(IV), GHE(IV);B, C, O, P, S
65378967;Fleischhuis Obwalden AG;Industriestrasse 12;6064;Kerns OW;SH;;B, C, O, P
99362466;Fleischwerkstatt Röthenbach AG Samuel Winkelmann;Kreuzfeldweg 18;3373;Röthenbach Herzogenbuchsee BE;SH;SH(II), SH(III), GHE(IV);B, C, O, P, S
41650988;Forster Metzgerei GmbH;Bischofszellerstrasse 338;9212;Arnegg SG;SH;;B, C, O, P, S
70601095;Fritschi Reinhard;Bergstrasse 5;8416;Flaach ZH;SH;SH(II), SH(III);B, C, O, P, S
40865893;Fuchs Urs;Dorf 44;9035;Grub AR AR;SH;SH(II), GHE(IV);B, C, O, P
15773782;Föhn Lukas;Stoosstrasse 23;6436;Ried (Muotathal) SZ;SH;;B, C, O, P
CH63569388;Gatherat Alain;Rte de France 6;2926;Boncourt JU;SH;SH(II), SH(III);B, C, O
70149111;Gemeinde Eglisau Schlachtlokal;Obergass 17;8193;Eglisau ZH;SH;SH(II), SH(III);B, C, O, P, S
70149106;Gemeinde Unterstammheim;Gemeindehausplatz 2;8476;Unterstammheim ZH;SH;SH(II), SH(III);B, C, O, P, S
70218461;Gemeindekanzlei Mandach;Hauptstrasse 170;5318;Mandach AG;SH;SH(II), SH(III);B, C, O, P, S
70594946;Gemeindeverwaltung Marthalen;Altemerstr. ;8460;Marthalen ZH;SH;SH(II), SH(III);B, C, O, P
67723624;Gen.Schlachthaus Sense Oberland;Zollhaus 536;1716;Plaffeien FR;SH, CP;SH(III), CP(III), CP(IV), MM(V), MP(V), PP(VI);B, C, O, P, S
16638918;Genossenschaft Fleisch und Wild Chläggi;Schlachthaus ;8215;Hallau SH;SH, CP;CS(0), SH(II), CP(II), SH(III), CP(III), CP(IV), GHE(IV);B, C, O, P, S
84110623;Genossenschaft Schlachthaus Gampel;;3945;Gampel VS;SH;SH(III);B, C, O, P, S
40478521;"Grandjean &amp; Fils SA";Rte de Genève 2;1033;Cheseaux-sur-Lausanne VD;SH, CP;;B, C, O, P, S
70833175;H.R. Kyburz Vieh + Fleisch AG;Dorfstrasse 32;5242;Lupfig AG;SH, CP;CS(0), SH(II), CP(II), SH(III), CP(III), CP(IV), GHE(IV), MM(V), MP(V), MSM(V), PP(VI);B, C, O, P, S
CH 6173292;Haenni Philippe;Grand'Rue 18;1083;Mézières VD VD;SH, CP;;B, P
ZB-70149085;Hans und Wurst Naturmetzg GmbH;Chorbstr. 2;8462;Rheinau ZH;SH;;B
70149085;Hans und Wurst Naturmetzg GmbH;Chorbstr. 2;8462;Rheinau ZH;SH;SH(II), SH(III);B, C, O, P, S
70149499;Hasler Pascal;Hagenwil am Nollen (Schlachthaus) ;9514;Wuppenau TG;SH;SH(II), SH(III);B, C, O, P
68593094;Hausschlachtanlage Degersheim und Umgebung AG;Grüenaustrasse 10;9113;Degersheim SG;SH;;B, C, O, P, S
63432113;Heinrich-Hürlimann Remo;Sonnenbergstrasse 7;6415;Arth SZ;SH;;B, C, O, P
64272406;Heinzer Metzgerei GmbH;Hauptstrasse 23;6436;Muotathal SZ;SH, CP;CP(II), PP(VI);B, C, O, P
70148689;Hinni-Thomet Christian;Gaselstrasse 176;3144;Gasel BE;SH;SH(II), SH(III), GHE(IV);B, C, O, P
40983402;Hobi Andreas;Weinfelderstrasse 67;9543;St. Margarethen TG TG;SH;SH(II), SH(III), GHE(IV);B, C, O, P, S
42417977;Hofmann Josef;Brüschhalde ;6403;Küssnacht am Rigi SZ;SH;;B, C, O, P
41029778;"Huwyler Metzgerei &amp; Partyservice GmbH";Oberdorf 1;5637;Beinwil (Freiamt) AG;SH;SH(II), SH(III), GHE(IV);B, C, O, P, S
40944508;Hälg Metzgerei AG;Bahnhofstrasse 75;9315;Neukirch (Egnach) TG;SH;SH(II);B, C, O, P
41683873;Häller Fleischprodukte AG;Altishoferstr. 36;6252;Dagmersellen LU;SH;;B, C, O, P
79870279;IG Fleisch vom Reiat;;8242;Bibern SH SH;SH;SH(II), SH(III);B, C, O, P, S
70147910;IG Schlachthausverein Alterswilen;Ellighauserstrasse 11;8573;Alterswilen TG;SH;SH(II), SH(III), GHE(IV);B, C, O, P
70600861;IG Schlachtlokal obere Schwanden;Obere Schwandenstrasse 17.1;8833;Samstagern ZH;SH;SH(II), SH(III);B, C, O, P, S
88504378;Il Nuovo Macello Avegno Sagl;In di Salécc 21;6670;Avegno TI;SH;;B, C, O, P, S
45123852;Isenegger - Metzgerei;Luzernerstrasse 26;6037;Root LU;SH;;B, C, O, P
85808642;JG Viandes Sàrl;Route du Simplon 7;1906;Charrat VS;SH;SH(II);B, C, O, P, S
55337153;Joël Rigolet;rte de Sorens 72;1689;Le Châtelard-près-Romont FR;SH, CP;;B, C, O, P
61463166;Jost Ernst jun.;Hauptstrasse 12;4438;Langenbruck BL;SH;;B, C, O, P
80596687;Kalberer Martin;Brunnenwiesenstrasse 37;8887;Mels SG;SH;;B, C, O, P, S
64226389;Kast GmbH Metzgerei;Neugasse 8;9442;Berneck SG;SH;;B, C, O, P, S
41686937;Kloster-Metzgerei Haas AG;Murhofstr. 2;4915;St. Urban LU;SH, CP;CP(II), CP(III), MP(V), PP(VI);B, C, O, P, S
42567362;Kobler René;Grundstrasse 10;9464;Rüthi (Rheintal) SG;SH;SH(III);B, C, O, P, S
67765142;Kronenmetzg GmbH;Hauptstrasse 23;6418;Rothenthurm SZ;SH;;B, C, O, P
66218967;Krucker Philipp;Dorf 4;9527;Niederhelfenschwil SG;SH;SH(II);B, C, O, P, S
80497730;Kundenmetzgerei Bamert Ulrich;Grund 565;9044;Wald AR AR;SH;SH(II), GHE(IV);B, C, O, P, S
A10607115;Kundenmetzgerei Kohler;Industriestrasse 18;3422;Rüdtligen BE;SH;SH(II), SH(III), GHE(IV);B, C, O, P, S
71467255;Kundenmetzgerei Tellenbach;;3365;Grasswil BE;SH;SH(II), SH(III), GHE(IV);B, C, O, P
41512257;Kümin Feinkost GmbH;Chilestrasse 4;6026;Rain LU;SH;;B, C, O, P
40190930;Kündig Adolf;Rickenbachstrasse 50;6430;Schwyz SZ;SH;;B, C, O, P
42137746;Küpfer's Dorfmetzg GmbH;Oberdorf ;6262;Langnau b. Reiden LU;SH, CP;PP(VI);B, C, O, P
94118366;Köferli AG Metzgerei Köferli Albert;Winkel ;5312;Döttingen AG;SH;SH(II), SH(III);B, C, O, P, S
77315719;La Campagnarde Sàrl;Rue du Carroz 12;1071;Chexbres VD;SH, CP;;B, C, O, P, S
67782635;Landmetzg Hinterland GmbH;Mööslimatten 16;6218;Ettiswil LU;SH;;B, C, O, P
50360779;Landmetzg Keist;Gondiswilerstrasse 6;6146;Grossdietwil LU;SH;;B, C, O, P
70218681;Landmetzgerei Wattenwil GmbH;Blumensteinstrasse 35b;3665;Wattenwil BE;SH;SH(II), SH(III), GHE(IV);B, C, O, P, S
52438422;Landwirtschaftliches Zentrum SG;Rheinhof 11;9465;Salez SG;SH;;B, C, O, P
41726982;Laternser Oskar;Dorfstrasse 39;8873;Amden SG;SH;SH(III);B, C, O
70218812;Les Tchacaîons du Jorat SNC;Rte du Nord 15;1076;Ferlens VD VD;SH, CP;SH(II), CP(II), CP(IV), GHE(IV);B, C, O, P
67691538;Lippuner Stüdtlimetzg AG;Wiedenstrasse 19;9470;Buchs SG SG;SH;;B, C, O, P, S
92916998;Lussi-Vogler Michael;Rochushostatt 1;6370;Oberdorf NW NW;SH;;B, C, O, P
80622944;Macelleria Cavargna;Via Campagnora 2;6713;Malvaglia TI;SH;;B, C, O, P, S
A40099936;Macelleria Fratelli Freddi;Via Cantonale ;6655;Intragna TI;SH;;B, C, O
70678543;Macelleria Mattioli SA;Via Petronilla 67;6746;Lavorgo TI;SH;;B, C, O, P, S
80623047;Macelleria Piccoli;;6776;Piotta TI;SH;;B, C, O, P, S
65600737;Macelleria Vescovi Arno Sagl;;6718;Olivone TI;SH;;B, C, O, P, S
44123201;Macello Bacchini;;6544;Braggio GR;SH;;B, C
80610472;Macello Branchi;La Presa da Sot ;7743;Brusio GR;SH;SH(II), SH(III), GHE(IV);B, C, O, P, S
CH-70678501;Macello Cassa Bestiame Olivone;C/O Urietti Gino ;6718;Olivone TI;SH;;B, C, O, P, S
40832416;Macello Fagetti;al S Ã€NT;6535;Roveredo GR GR;SH;SH(II), SH(III), GHE(IV);B, C, O, S
70602565;Macello Lardi;Via da mez 177 A;7742;Poschiavo GR;SH;SH(II), SH(III), GHE(IV);B, C, O, P, S
TI97568260;Macello Togni Michele e Ruth;Rufrass 29;6714;Semione TI;SH;;B, C, O
52112972;Markus Moser Kundenmetzgerei GmbH;Seetalstrasse 11;5630;Muri AG AG;SH;SH(II), SH(III), GHE(IV);B, C, O, P, S
41537712;Markus Stalder, Schlachthaus Bäch;Bäch 3;6222;Gunzwil LU;SH;;B, C, O, P
157;Marmy SA Viande en Gros;ch. des Marais 10;1470;Estavayer-le-Lac FR;SH, CP;CS(0), PP(XIII);B
43895703;"Martin Georges &amp; Pascal";Rte de Cremières 2;1070;Puidoux VD;SH, CP;SH(II);B, C, O, P, S
69523308;Mati Macello Ticino SA Guidotti Davide;Via Indüstri ;6705;Cresciano TI;SH;;B, C, O, P, S
70149127;Meier Marcel;Gottfried-Keller-Str. 19;8192;Glattfelden ZH;SH;SH(II), SH(III);B, C, O, P, S
46792285;Meier Martin;Löwenplatz 10;5612;Villmergen AG;SH;SH(II), SH(III), GHE(IV);B, C, O, P, S
61687989;Mettler Eugen;Goldplanggstrasse 8;6436;Muotathal SZ;SH;;B, C, O, P
51959752;Metzger Gabriel AG;Hauptstrasse 5;6386;Wolfenschiessen NW;SH, CP;MP(V), PP(VI);B, C, O, P
46112820;Metzgerei Alois Koller AG;Bernstrasse 47;4852;Rothrist AG;SH;SH(II), SH(III), GHE(IV);B, C, O, P, S
41251804;Metzgerei Brunner;Tösstalstr. 67;8488;Turbenthal ZH;SH;SH(II), SH(III);B, C, O, P, S
41032173;Metzgerei Burkard AG;Badstrasse 1;5737;Menziken AG;SH;SH(II), SH(III), GHE(IV);B, C, O, P, S
40835244;Metzgerei Chiesa GmbH;Via Muntegn 31;7603;Vicosoprano GR;SH;SH(III), GHE(IV);B, C, O, P
60601168;Metzgerei Diethelm AG;Rietstrasse 10;9436;Balgach SG;SH;;B, C, O
10505;Metzgerei Falknis Anstalt;Prär 1;9496;Balzers FL;SH;SH(III);B, C, O, P, S
41496972;Metzgerei Felder GmbH;Marktmätteli ;6162;Entlebuch LU;SH;;B, C, O, P
53560107;Metzgerei Frey AG;Braunauerstrasse 3;9512;Rossrüti SG;SH;;B, C, O, P, S
80562625;Metzgerei Frischkopf GmbH, 6275 Ballwil;Flurweidstrasse 8;6275;Ballwil LU;SH, CP;SH(III), CP(III);B, C, O, P, S
88549232;Metzgerei Gebr. Felder;Mattenstrasse 7;5745;Safenwil AG;SH;SH(II), SH(III), GHE(IV), PP(XIII);B, C, O, P, S
70626812;Metzgerei Gebr. Jucker AG;Dorfstr. 3;8483;Kollbrunn ZH;SH;SH(II), SH(III);B, C, O, P, S
45722009;Metzgerei Gebrüder Schuler AG;Müllernstrasse 23;6418;Rothenthurm SZ;SH;;B, C, O, P
53212955;Metzgerei Giger AG;Dorf 16;6162;Entlebuch LU;SH;;B, C, O, P
66515549;Metzgerei Gysin;Kirchweg 1;4448;Läufelfingen BL;SH;SH(II), SH(III), GHE(IV);B, C, O, P
50058322;Metzgerei Hacker;Zürcherstr. 19;8424;Embrach ZH;SH;SH(II), SH(III);B, C, O, P, S
40940770;Metzgerei Herrmann AG;Hauptstrasse 29;8583;Sulgen TG;SH;SH(II), SH(III), GHE(IV);B, C, O, P
41503289;Metzgerei Hähni AG;Gerbestrasse 12;3415;Hasle-Rüegsau BE;SH;;B, C, O, P
41707906;Metzgerei Jud AG;Zürcherstrasse 53;8730;Uznach SG;SH;SH(III);B, C, O, P, S
41706483;Metzgerei Kaufmann AG;Neudorf ;9466;Sennwald SG;SH;;B, C, O, P, S
45922417;Metzgerei Kreienbühl AG;Langenthalerstrasse 10;4803;Vordemwald AG;SH;SH(II), SH(III), GHE(IV);B, C, O, P, S
67519843;Metzgerei Lamm Türkel GmbH;Kirchstrasse 5;8580;Amriswil TG;SH;SH(II);B, C, O
41962786;Metzgerei Lehmann AG;Dorfstrasse 24;3182;Ueberstorf FR;SH;SH(III), CP(IV), GHE(IV);B, C, O, P, S
66519302;Metzgerei Leibacher GmbH;Sandeggstrasse 2;8560;Märstetten TG;SH;SH(III), GHE(IV);B, C, O, P
53250065;Metzgerei Loosli GmbH;Sandgütsch 2b;6024;Hildisrieden LU;SH;;B, C, O, P
41980408;Metzgerei Lorétan AG;rte de Fribourg 17;1784;Courtepin FR;SH;SH(II), CP(IV), GHE(IV);B, C, O, P
M19.1530.1;Metzgerei Metzger AG;Schlachtanlage Erlen ;9655;Stein SG SG;SH;SH(II), SH(III);B, C, O, P, S
54468723;Metzgerei Nyffenegger AG;;3436;Zollbrück BE;SH;SH(II), SH(III), GHE(IV);B, C, O, P, S
40978313;Metzgerei Olbrecht AG;Kirchstrasse 8;8572;Berg TG TG;SH;SH(II), SH(III), GHE(IV);B, C, O, P
41616992;Metzgerei Peter Bühler;Bächlistrasse 64;9633;Bächli (Hemberg) SG;SH;SH(II);B, C, O, P, S
42132842;Metzgerei Rickli AG;Unterdorf 13;8718;Schänis SG;SH;;B, C, O, P
93743024;Metzgerei Riesen;Balmberg 83;3096;Oberbalm BE;SH;SH(II);B, C, O, P
41713119;Metzgerei Rust GmbH;Sidwaldstrasse 26;9652;Neu St. Johann SG;SH;SH(II);B, C, O, P, S
41504036;Metzgerei Schlüchter AG;;3465;Dürrenroth BE;SH;SH(II), SH(III), GHE(IV);B, C, O, P, S
40263452;Metzgerei Villiger AG;Zugerbergstrasse 17;6314;Unterägeri ZG;SH;SH(II), SH(III), GHE(IV), PP(VI);B, C, O, P, S
80442244;Metzgerei Werder;Marktgasse 17;5304;Endingen AG;SH;SH(II), SH(III), GHE(IV);B, C, O, P, S
40453967;Metzgerei Widmer AG;;3257;Grossaffoltern BE;SH;SH(II), SH(III), GHE(IV);B, C, O, P
41626189;Metzgerei Willi AG;Wiesentalstrasse 2;9242;Oberuzwil SG;SH;;B, C, O, P
63457338;Metzgerei Wyss GmbH, Raphael Wyss;Industriestr. 5;6203;Sempach Station LU;SH;;B, C, O, P
74136186;Metzgerei Zemp;Gewerbering 9;6018;Buttisholz LU;SH;;B, C, O, P
70215518;Metzgerei Zimmermann AG;Rössligasse 18;4460;Gelterkinden BL;SH;SH(III), GHE(IV);B, C, O, P
340;Micarna SA - produits carnés;rte de l'Industrie 25;1784;Courtepin FR;SH, CP;CS(0), RW(0), WM(0), CP(II), CP(III), CP(IV), MM(V), MP(V), PP(VI);B, O, P, S
95779531;Michel Fritz;Untere Bönigstrasse 38;3800;Interlaken BE;SH;SH(III);B, C, O, P, S
45855200;Michel Simon;Hauptstrasse 27;8552;Felben-Wellhausen TG;SH;;B, C, O, P, S
64319106;Milava GmbH;Ebnaterstrasse 42;9642;Ebnat-Kappel SG;SH;;B, C, O
70149200;Milchproduzentengenossenschaft Rüti;Goldbachstr. 20;8630;Rüti ZH ZH;SH;SH(II), SH(III);B, C, O, P, S
53497068;Moser Martin;Steinerbergstrasse 74;6417;Sattel SZ;SH;;B, C, O, P
53912741;Mujo Metzgerei;Hauptstrasse 20;4952;Eriswil BE;SH;SH(II), SH(III), GHE(IV);B, C, O
69992431;Müller Fleisch GmbH;;8226;Schleitheim SH;SH;SH(II), SH(III);B, C, O, P, S
41544987;Müller Hans-Jörg, Littauer-Metzg;Luzernerstr. 1110;6014;Luzern LU;SH;;B, C, O, P
40966213;Müller Stefan;Dorfstrasse 13;8512;Thundorf TG;SH;SH(II), SH(III), GHE(IV);B, C, O, P
50689125;MZ Kalchrain;Kalchrain ;8536;Hüttwilen TG;SH;SH(II), SH(III), GHE(IV);B, C, O, P
15529967;Mäder Daniel;Fulnau 1;4206;Seewen SO SO;SH;SH(II), SH(III), GHE(IV);B, C, O, P
94055156;Natur- und Tierpark Goldau;Depotweg 22;6410;Goldau SZ;SH;SH(III);B, C, O, P
79870635;Neidhart Felix;Hanfgartenstrasse 419a;8262;Ramsen SH;SH;SH(II), SH(III);B, C, O, P, S
52418960;Notschlachtanlage Appenzell;Weissbadstrasse 49 B;9050;Appenzell AI;SH;GHE(IV);B, C, O, P, S
52380673;Notschlachthaus Einsiedeln;Gaswerkstrasse 10a, Postfach 161;8840;Einsiedeln SZ;SH;;B, C, O, P, S
72036804;Notschlachthaus Oberbussnang;Spitzacker ;9565;Bussnang TG;SH;SH(II), SH(III), GHE(IV);B, C, O, P
70218173;Notschlachthaus Schwyz;Kaltbach ;6423;Seewen SZ SZ;SH;;B, C, O, P
70149546;Notschlachthaus Schübelbach;Rietbrunnen 16;8808;Pfäffikon SZ SZ;SH;;B, C, O, P, S
70148123;Notschlachthaus Wartau;Lonnabongert 2420;9476;Weite SG;SH;SH(III);B, C, O, P, S
70148139;Notschlachtlokal Engi/Bütschwil;Engi ;9606;Bütschwil SG;SH;;B, C, O, P, S
;Notschlachtlokal Eschenbach c/o Finanzverwaltung Eschenbach;Gublen 2245;8733;Eschenbach SG SG;SH;SH(III);B, C, O, P, S
70148034;Notschlachtlokal Gams Gemeindekassieramt;Hof ;9473;Gams SG;SH;SH(III);B, C, O, P, S
70148029;Notschlachtlokal Mels Gemeinde Mels;Bachstrasse ;8887;Mels SG;SH;;B, C, O, P
70148097;Notschlachtlokal Mörschwil;Gemeindamt, Postfach ;9402;Mörschwil SG;SH;;B, C, O, P, S
70149530;Notschlachtlokal Nesslau Hans Louis;Berstel 1983;9650;Nesslau SG;SH;SH(III);B, C, O, P, S
A70148076;Notschlachtlokal Rossrüti Herr Thomas Ruckstuhl;Uerental ;9512;Rossrüti SG;SH;;B, C, O, P, S
70682712;Notschlachtlokal Rufi;Mühlackerstrasse 2;8723;Rufi SG;SH;;B, C, O, P, S
70148102;Notschlachtlokal Stadt Altstätten;Hinterdammstrasse 10;9450;Altstätten SG SG;SH;;B, C, O, P, S
70148055;Notschlachtlokal Wattwil;Gemeindamt, Grüenaustr. 7;9630;Wattwil SG;SH;;B, C, O, P, S
70148207;Notschlachtverband Appenzell Mittelland;Austrasse 32;9055;Bühler AR;SH;SH(III);B, C, O, P, S
80497877;NSA Wolfhalden;Unterlindenberg 208;9427;Wolfhalden AR;SH;SH(III);B, C, O, P, S
41614052;Näf Albert;Bütschwilerstrasse 2;9607;Mosnang SG;SH;SH(II);B, C, O, P, S
53936475;Ochsen-Metzgerei Wattinger AG;Hauptstrasse 26;8594;Güttingen TG;SH;SH(II), SH(III), GHE(IV);B, C, O, P, S
42654397;Odermatt Anton jun.;Meierskählen 1;6370;Stans NW;SH, CP;PP(VI), PP(IX);B, C, O, P
45939934;Omlin-Grisiger Pius;Mittler-Aegerten 3;6372;Ennetmoos NW;SH;SH(II), SH(III);B, C, O, P, S
61848188;Otto Portmann, Landmetzg Rottal;Wolhuserstrasse 45;6017;Ruswil LU;SH;;B, C, O, P
70147926;PaKu Baumann GmbH;Poststrasse 23;8505;Pfyn TG;SH;SH(II), SH(III), GHE(IV);B, C, O, P
CH66312889;Paratte Romain;Rue des Rangiers 1;2350;Saignelégier JU;SH;;B, C, O, P
44147993;Perroud Patrick;Rte D'eclépens 10;1377;Oulens-sous-Echallens VD;SH, CP;;B, C, O, P, S
65570831;Pferdemetzgerei Bürgi;Binningerstrasse 169;4123;Allschwil BL;SH;SH(III), GHE(IV);B, S
73561426;Pferdemetzgerei Waibel Basil;Rheinstrasse 1C;9435;Heerbrugg SG;SH;SH(II);B, C, O, P, S
41336363;Prétot Emilien;Grand-Rue 16;2345;Les Breuleux JU;SH;SH(II);B, C, O, P, S
61908203;Regiometzg Huwiler;Wissebach ;6170;Schüpfheim LU;SH;;B, C, O, P, S
80617436;Regionales Notlokal Stüsslingen;Hauptstrasse 50;4655;Stüsslingen SO;SH;SH(II), SH(III);B, C, O, P
52237948;Reichmuth Fleischwaren AG;Schützenstrasse 43;6430;Schwyz SZ;SH, CP;CP(II), PP(VI);B, C, O, P
55548736;"Restaurant &amp; Metzgerei Rebstock AG";Schulstrasse 1;5707;Seengen AG;SH;SH(II), SH(III), GHE(IV);B, C, O, P, S
41114318;Reussthal Metzgerei AG;Hauptstrasse 2;5524;Niederwil AG AG;SH;SH(II), SH(III), GHE(IV);B, C, O, P, S
46090842;Richard Claude;Rte de l'Etraz 23;1267;Vich VD;SH, CP;;B, C, O, P, S
41585302;ru-fleisch AG;Lochrietstrasse 23;8890;Flums SG;SH;SH(III);B, C, O, P
66177792;"Rufer Werner &amp; Barbara Metzgerei &amp; Partyservice";Hauptstrasse 206;5044;Schlossrued AG;SH;SH(II), SH(III), GHE(IV);B, C, O, P, S
40990085;Sandmeier Markus;Hauptstrasse 27;5742;Kölliken AG;SH, CP;SH(II), CP(II), SH(III), CP(III), CP(IV), GHE(IV), MM(V), MP(V), MSM(V), PP(VI), PP(VIII), FFPP(VIII);B, C, O, P, S
64806454;Sauser Fernand;Rue de la Gare 43;2345;Les Breuleux JU;SH;SH(II);B, C, O, P, S
62339403;"Sauser Francis &amp; Daniella";Rue du 23-Juin 2;2340;Le Noirmont JU;SH;;B, C, O, P, S
CH-101;SBZ Schlachtbetrieb Zürich AG;Hardgutstr. 9A;8004;Zürich ZH;SH;;B, C, O, P, S
63679378;Schenk Erwin;Bänikon ;8514;Amlikon-Bissegg TG;SH;SH(II), SH(III), GHE(IV);B, C, O, P, S
18751348;Schenkenberg Primefood AG;Ausserdorf 2;5108;Oberflachs AG;SH;SH(II), SH(III), GHE(IV);B, C, O, P, S
71467606;Schlachtanlage Abplanalp AG;;3862;Innertkirchen BE;SH;SH(II), SH(III), GHE(IV);B, C, O, P, S
70148914;Schlachtanlage Adelboden;Zelgstrasse 3;3715;Adelboden BE;SH;SH(II), SH(III), GHE(IV);B, C, O, P
41364203;Schlachtanlage Aeschlimann AG Pio Aeschlimann;Landshutstrasse 50;3427;Utzenstorf BE;SH;SH(II), SH(III), GHE(IV);B, C, O, P
70664336;Schlachtanlage Anstalten Witzwil;;3236;Gampelen BE;SH;;B, P
64400191;"Schlachtanlage BuureMetzg AG M.Hauswirth &amp; R.Bratschi";Alte Lauenenstrasse 10;3780;Gstaad BE;SH;SH(II), SH(III), GHE(IV);B, C, O, P
42970537;"Schlachtanlage Bürgi COB Prod. Bürgi Cäsar &amp; Oliver";Grossprobstenberg ;2747;Seehof BE;SH;SH(III), GHE(IV);B, C, O, P
70148448;Schlachtanlage Büsserach;Industriestrasse 11;4227;Büsserach SO;SH;SH(II), SH(III);B, C, O, P
70148804;Schlachtanlage Bützberghof Minder Rudolf;Bützberg 2;4917;Busswil b. Melchnau BE;SH;SH(III);B, C, O, P
65842967;"Schlachtanlage Diemtigen &amp; Umg.";Wilerweg 23;3754;Diemtigen BE;SH;SH(III);B, C, O, P, S
70148998;Schlachtanlage Fahrni;;3531;Oberthal BE;SH;SH(II), SH(III), GHE(IV);B, C, O, P
66140279;Schlachtanlage Frutigland Fleisch AG;;3714;Frutigen BE;SH;SH(II), SH(III);B, C, O, P, S
67034363;Schlachtanlage Frutigland Fleisch AG;;3713;Reichenbach im Kandertal BE;SH;SH(III);B, C, O, P
52380254;Schlachtanlage Galgenbühl;;3770;Zweisimmen BE;SH;SH(II), SH(III), GHE(IV);B, C, O, P, S
62531519;Schlachtanlage Garius Metzgerei;;3425;Koppigen BE;SH;SH(II);B, O, P
71467758;Schlachtanlage Gerber;;3623;Horrenbach BE;SH;SH(II), SH(III);B, C, O, P
80500021;"Schlachtanlage Gerber Jakob &amp; Marianne Gerber";Fraumatt 174;3618;Süderen BE;SH;SH(II), SH(III), GHE(IV);B, C, O, P, S
70148762;Schlachtanlage Grindelwald z.H. Ackerbaustelle;Talgüetli ;3818;Grindelwald BE;SH;SH(II), SH(III);B, C, O, P
41502589;Schlachtanlage Gygax Adrian Gygax;Dorfstrasse 14;3432;Lützelflüh-Goldbach BE;SH;;B, C, O, P
70148741;Schlachtanlage Habkern;;3804;Habkern BE;SH;;B, C, O, P
41532080;Schlachtanlage Heidbühl Metzg AG;Heidbühl ;3537;Eggiwil BE;SH;SH(II), SH(III), GHE(IV);B, C, O, P, S
41365123;Schlachtanlage Hofer Hofer Beat;Oberdorfstrasse 12;3322;Urtenen-Schönbühl BE;SH;SH(II);B, O, P
41318888;Schlachtanlage Holzer;Dorfstrasse 9;3324;Hindelbank BE;SH;;B, C, O, P
65292299;Schlachtanlage Hort Metzgerei Hort;Muhlernstrasse 238;3098;Schliern b. Köniz BE;SH;;B, C, O, P
41273991;Schlachtanlage Jöhr AG Metzgerei Jöhr AG;Neumattweg 21;3067;Boll BE;SH;;B, C, O
62687880;Schlachtanlage Keller;;3532;Zäziwil BE;SH;SH(II), GHE(IV);B, C, O, P
41438284;Schlachtanlage Küng;;3125;Toffen BE;SH;SH(III);B, C, O, P
70660703;Schlachtanlage Landi Leuzigen;Hintere Gasse 13 A;3297;Leuzigen BE;SH;SH(II), SH(III), GHE(IV);B, C, O, P
71469252;Schlachtanlage Liechti;;3538;Röthenbach im Emmental BE;SH;SH(II), SH(III), GHE(IV);B, C, O, P, S
70656927;Schlachtanlage Luginbühl;;3665;Wattenwil BE;SH;;B, C, O, P
70148757;Schlachtanlage Lütschental;;3816;Lütschental BE;SH;;B, C, O
46866764;Schlachtanlage Marti Marti Metzgerei AG;Unterstrasse 28;3360;Herzogenbuchsee BE;SH;;B, O, P
41478093;Schlachtanlage Meister;Dorf 108c;4954;Wyssachen BE;SH;SH(II), SH(III), GHE(IV);B, C, O, P, S
41469759;Schlachtanlage Metzgerei AG Beat Bieri;Neubau ;6197;Schangnau BE;SH;SH(II), SH(III);B, C, O, P, S
61645313;Schlachtanlage Metzgerei Meyer GmbH;Mühlegasse 19;3283;Kallnach BE;SH;SH(II), SH(III), GHE(IV);B, C, O, P
70148542;Schlachtanlage Mümliswil;Förstlenweg 24;4717;Mümliswil SO;SH;SH(II), SH(III);B, C, O, P
41379194;Schlachtanlage Niesen-Metzg;Gurzelestrasse 12;3752;Wimmis BE;SH;;B, C, O, P
41168423;Schlachtanlage Niklaus;;4917;Melchnau BE;SH;;B, C, O, P
41402309;Schlachtanlage Nussbaum;;3114;Wichtrach BE;SH;SH(II), SH(III), GHE(IV);B, C, O, P, S
42144811;Schlachtanlage Nussbaum;Sägegasse 27;3110;Münsingen BE;SH;SH(II);B, C, O, P
41374856;Schlachtanlage Nussbaum;Stockentalstrasse 70;3647;Reutigen BE;SH;SH(II), SH(III);B, C, O, P
42870330;Schlachtanlage Oberli;;6197;Schangnau BE;SH;SH(II), SH(III);B, C, O, P
70148495;Schlachtanlage Oensingen;Hauptstrasse 84;4702;Oensingen SO;SH;SH(II), SH(III);B, C, O, P
70148872;Schlachtanlage Raft Metzg-Hüsi;Dorf ;3655;Sigriswil BE;SH;SH(II), SH(III), GHE(IV);B, C, O, P
41468509;Schlachtanlage Reber;;3555;Trubschachen BE;SH;;B, C, O, P
70148940;Schlachtanlage Rest. Linde;;3664;Burgistein BE;SH;SH(III), GHE(IV);B, C, O, P, S
70148825;Schlachtanlage Rohrbach;Walke 10;4938;Rohrbach BE;SH;SH(II), SH(III);B, C, O, P
50679991;Schlachtanlage Rufener;;3638;Blumenstein BE;SH;SH(II), SH(III);B, C, O, P
80527620;Schlachtanlage Rychener;Eggiwilstrasse 13;3535;Schüpbach BE;SH;SH(III);B, C, O, P
41262277;Schlachtanlage Schaufelberger Bernhard GmbH;Bernstrasse 60;3267;Seedorf BE BE;SH;SH(III);B, C, O, P
66108846;Schlachtanlage Schenk;;3036;Detligen BE;SH;SH(II), SH(III), GHE(IV);B, C, O, P
70218372;Schlachtanlage Schwellenkorpo.- Aareboden;Mattenweg 8;3855;Brienz BE BE;SH;;B, C, O, P
43045641;Schlachtanlage Segessenmann;Dorfstrasse 5;3305;Scheunen BE;SH;SH(II), GHE(IV);B, C, O, P
41525078;Schlachtanlage Soltermann;;3367;Thörigen BE;SH;SH(III), GHE(IV);B, C, O, P, S
41502112;Schlachtanlage Sommer;Trachselwaldstrasse 3;3455;Grünen BE;SH;;B, C, O, P, S
43067446;Schlachtanlage Steffisburg Siegenthaler Hans;Unterer Riederenweg 64;3612;Steffisburg BE;SH;SH(II);B, C, O, P
70218325;Schlachtanlage Stengeli;;3150;Schwarzenburg BE;SH;SH(II), SH(III);B, C, O, P, S
70657648;Schlachtanlage Stettler Schüpfen GmbH;Bergackerweg 1;3054;Schüpfen BE;SH;;B, C, O, P
41273813;Schlachtanlage Stucki;Worbstrasse 1;3067;Boll BE;SH;;B, C, O, P
42886571;"Schlachtanlage Stähli Stähli Peter &amp; Silvia";Niederboden ;3622;Homberg b. Thun BE;SH;;B, C, O, P
80556967;Schlachtanlage Tanner;Hausmattweid 2;3152;Mamishaus BE;SH;SH(III);B, C, O, P, S
41275014;Schlachtanlage Tschanz;Hauptstrasse 12;4936;Kleindietwil BE;SH;SH(II), GHE(IV);B, C, O, P
42926936;Schlachtanlage Von Allmen Ulrich Von Allmen;Eschen ;3826;Gimmelwald BE;SH;;B, C, O
70148736;Schlachtanlage VVK Lenk i.S.;Lenkstrasse ;3775;Lenk im Simmental BE;SH;SH(II), SH(III), GHE(IV);B, C, O, P, S
70149567;Schlachtanlage VVK Oberwil i.S.;Hüpbach ;3765;Oberwil im Simmental BE;SH;;B, C, O, P
70148720-2;Schlachtanlage VVK Reutigen;;3647;Reutigen BE;SH;;B, C, O, P
70148673;Schlachtanlage VVK Rüeggisberg;;3088;Rüeggisberg BE;SH;;B, C, O, P, S
80521189;Schlachtanlage VVK Uetendorf;;3661;Uetendorf BE;SH;SH(II);B, C, O, P
70148778;Schlachtanlage VVK Viehversicherungskasse;Urbachseystrasse 31a;3860;Meiringen BE;SH;SH(II), SH(III), GHE(IV);B, C, O, P, S
45070373;Schlachtanlage Walterswil;Ruessenstrasse 5b;6340;Baar ZG;SH, CP;SH(II), CP(II), SH(III), CP(III), PP(VI);B, C, O, P, S
70148516;Schlachtanlage Welschenrohr;Dünnernstrasse 314;4716;Welschenrohr SO;SH;SH(II), SH(III);B, C, O, P
41537361;Schlachtbetrieb Gunzwil, Estermann Heinrich;Sagen ;6222;Gunzwil LU;SH;;B, C, O, P
61184033;Schlachtbetrieb Gyrenbad;Höhenstr. 106;8340;Hinwil ZH;SH;SH(II), SH(III);B, C, O, P, S
52840881;Schlachtbetrieb Häberli Peter;Käppelistr. 1;6287;Aesch LU LU;SH;;B, C, O, P
107;Schlachtbetrieb St.Gallen SBAG;Schlachthofstr. 24;9015;St. Gallen SG;SH;;B
78556103;Schlachtbetrieb Visperterminen;;3932;Visperterminen VS;SH;;B, C, O
61138063;"Schlachtgen. Burgdorf &amp; Umgeb.";;3400;Burgdorf BE;SH;;B, C, O, P, S
65350977;Schlachthaus Bödemli AG;Turbachstrasse 59;3780;Gstaad BE;SH;SH(II), SH(III), GHE(IV);B, C, O, P, S
70218152;Schlachthaus Engelberg;Engelbergerstrasse 125;6390;Engelberg OW;SH;SH(III);B, C, O
70678957;Schlachthaus Gamsen;;3900;Brig VS;SH;;B, C, O, P, S
41567717;Schlachthaus Rüti-Büron AG;Rütistrasse ;6233;Büron LU;SH, CP;PP(VI);B, C, O, P, S
70148233;Schlachthaus Wilchingen;Schlachthaus Wilchingen an der Bettengasse Vers. Nr. 72;8217;Wilchingen SH;SH;SH(II), SH(III);B, C, O, P, S
70218262;Schlachthausgem.Dägerlen-Hettlingen;Dorfstr. 10A;8471;Rutschwil (Dägerlen) ZH;SH;SH(II), SH(III);B, C, O, P, S
61772356;Schlachthausgenossenschaft;;4900;Langenthal BE;SH;;B, C, O, P, S
70147863;Schlachthauskorporation Tuttwil;;9546;Tuttwil TG;SH;SH(II);B, C, O, P
70600421;Schlachthausverein Arn;Hüttenstr. 17;8810;Horgen ZH;SH;SH(II), SH(III);B, C, O, P, S
70149090;Schlachthausverein Oerlingen;Weiherstr. 2;8461;Oerlingen ZH;SH;SH(II), SH(III);B, C, O, P, S
71511286;Schlachthof;;3907;Simplon Dorf VS;SH;;B, C, O, P
71689667;Schlachthof Baumgartner;Unterdorfstr. 10;9451;Kriessern SG;SH;;B, C, O, P, S
41140868;Schlachthof Büttner AG;Industriestrasse Althau 15;5303;Würenlingen AG;SH;SH(II), SH(III), GHE(IV);B, C, O, P, S
61601494;Schlachthof Gruben Huus-Metzg, Notschlachtlokal Niederuzwil;Grueben ;9244;Niederuzwil SG;SH;SH(II), SH(III);B, C, O, P, S
80373292;Schlachthof Metzgerei G. Zuber Ag;Metzgerei ;3922;Stalden VS VS;SH;;B, C, O, P, S
63392618;Schlachthof Metzgerei Mark AG;Lundnerstrasse 69;7222;Lunden GR;SH;SH(III), GHE(IV);B, C, O, P, S
65395213;Schlachthof Mittelbünden AG;Unterrealta ;7408;Cazis GR;SH, CP;SH(II);B, C, O, P, S
69519825;Schlachthof Zermatt;;3920;Zermatt VS;SH;;B, C, O, P, S
79910235;Schlachthüsi Freimettigen;Katzengässli 1;3510;Konolfingen BE;SH;SH(II), SH(III);B, C, O, P, S
ZB-69834275;Schlachthüsli Fey GmbH;Dielsdorferstr. 2;8173;Neerach ZH;SH;;B
69834275;Schlachthüsli Fey GmbH;Dielsdorferstr. 2;8173;Neerach ZH;SH;SH(II), SH(III);B, C, O, P, S
70148254;Schlachtlokal Arisdorf;Hauptstrasse 72;4422;Arisdorf BL;SH;SH(III), GHE(IV);B, C, O, P
70148275;Schlachtlokal Bennwil;Spittelerweg 1;4431;Bennwil BL;SH;;B, C, O, P
74342247;Schlachtlokal Carnatira Janki SA;Via Staziun 8;7156;Rueun GR;SH;SH(III), GHE(IV);B, C, O, P, S
55143351;Schlachtlokal Curschellas SA;Via Alpsu 73;7188;Sedrun GR;SH;SH(II), SH(III), GHE(IV);B, C, O, P, S
70687422;Schlachtlokal Diegten;Zälghagweg 55;4457;Diegten BL;SH;;B, C, O
65199213;Schlachtlokal Fleischgenossenschaft Sernftal;Sernftalstrasse 38;8765;Engi GL;SH;SH(II), SH(III), GHE(IV);B, C, O, P, S
70148144;Schlachtlokal Fleischzentrum Klosters Davos AG;Gulfiastrasse 38;7252;Klosters Dorf GR;SH;SH(II), SH(III), GHE(IV);B, C, O, P, S
70148191;Schlachtlokal Furna;Geissbodenweg 3;7232;Furna GR;SH;SH(III), GHE(IV);B, C, O, P, S
45865628;Schlachtlokal Gelterkinden;Fabrikweg 11;4460;Gelterkinden BL;SH;;B, C, O, P
68085888;Schlachtlokal Genossenschafts-Metzgerei;Gewerbestrasse 6;7107;Safien Platz GR;SH;SH(II), SH(III), GHE(IV);B, C, O, P, S
64842232;Schlachtlokal Grava;;7452;Cunter GR;SH;SH(II), SH(III), GHE(IV);B, C, O, P, S
42550678;Schlachtlokal Hartmann;Oberdorfstrasse 11;7202;Says GR;SH;;B, C, O, P
51958523;Schlachtlokal Hatecke;Center Augustin ;7550;Scuol GR;SH;SH(III), GHE(IV);B
70627177;Schlachtlokal Hofmetzgerei Sonnenrüti;Medergerstrasse 4;7057;Langwies GR;SH;GHE(IV);B, C, O
42516614;Schlachtlokal Hösli Metzg AG;Oswald-Heer-Strasse 13;8750;Glarus GL;SH;SH(II), SH(III), GHE(IV);B, C, O, P, S
70603202;Schlachtlokal Jenins;Sägenstrasse 14;7307;Jenins GR;SH;SH(II), SH(III), GHE(IV);B, C, O, P
70148322;Schlachtlokal Känerkinden;Hauptstrasse 30;4447;Känerkinden BL;SH;SH(II), SH(III), GHE(IV);B, C, O, P
80616867;Schlachtlokal Limpachtal z.Hd. Herrn Martin Reber;Hauptstrasse 31;4588;Oberramsern SO;SH;SH(II), SH(III);B, C, O, P
40818715;Schlachtlokal Lozza;Metzgerei ;7180;Disentis/Mustér GR;SH;;B, C, O, P
40239837;Schlachtlokal Metzgerei Berwert AG;Adlerstrasse 19;8868;Oberurnen GL;SH;SH(II), SH(III), GHE(IV);B, C, O, P, S
73200196;Schlachtlokal Metzgerei Hefti Zizers;Oberauweg 4;7205;Zizers GR;SH;SH(III), GHE(IV);B, C, O, P, S
51973888;Schlachtlokal Metzgerei Spiess GmbH;Voa Principala 34 /Postfach 937;7078;Lenzerheide/Lai GR;SH;SH(II);B, C, O, P
66501258;Schlachtlokal Meztga Viamala;Pitgogna 19;7440;Andeer GR;SH;SH(II), SH(III), GHE(IV);B, C, O, P, S
70602628;Schlachtlokal Münstertal;Döss da Somvih 105;7537;Müstair GR;SH;SH(III), GHE(IV);B, C, O, P, S
70603223;Schlachtlokal Nay Ivo;Via d'Industria 17;7166;Trun GR;SH;SH(III), GHE(IV);B, C, O, P, S
63284295;Schlachtlokal Pally;Metzgerei ;7184;Curaglia GR;SH;SH(III), GHE(IV);B, C, O
70148186;Schlachtlokal Trimmis;Karlihof 2;7203;Trimmis GR;SH;SH(II), SH(III), GHE(IV);B, C, O, P, S
70602607;Schlachtlokal Tschuppina;Via Cuort 16;7165;Breil/Brigels GR;SH;;B, C, O, P, S
40818694;Schlachtlokal Venzin;Via Sursilvana 23;7180;Disentis/Mustér GR;SH;SH(III), GHE(IV);B, C, O, P
65754310;Schlachtlokal Vrin;Sut Vitg 51C;7149;Vrin GR;SH;SH(III), GHE(IV);B, C, O, P, S
70148390;Schlachtlokal Wenslingen;Hauptstrasse 11;4493;Wenslingen BL;SH;SH(II), SH(III), GHE(IV);B, C, O, P
60250302;Schlachtlokal Wiederkehr;Refontana ;6544;Braggio GR;SH;;B, C
46121029;Schlachtlokal Zanetti;Quadra Secha 37B;7556;Ramosch GR;SH;SH(III), GHE(IV);B, C, O, P, S
70148406;Schlachtlokal Ziefen;Hauptstrasse 103;4417;Ziefen BL;SH;SH(II), SH(III), GHE(IV);B, C, O, P, S
41402754;Schmid Metzgerei Biberen AG;Bernstrasse 92;3206;Biberen BE;SH;SH(III);B, C, O, P
61240850;Schmied Bruno;Dorfstrasse 18;3633;Amsoldingen BE;SH;;B, C, O, P
42425737;Schneider Hans;Brandhof ;4312;Magden AG;SH;SH(II), GHE(IV);B, C, O, P, S
70654207;Schneider Heinz;Kappelenstrasse 28;3472;Wynigen BE;SH;SH(III);B, C, O, P
46906385;"Scholl Fleisch- &amp; Feinkost AG André Scholl";Kronengasse 3;2545;Selzach SO;SH;SH(II), SH(III);B, C, O, P
43212174;Schuler Meinrad;Waagtalstrasse 82;8842;Unteriberg SZ;SH;;B, C, O, P
80615769;Schwander Urs;Walterswilerstrasse 10;5746;Walterswil SO SO;SH;SH(II), SH(III);B, C, O, P
63304229;Schwarzer Raphael;Trüttlikon 12;8524;Uesslingen TG;SH;SH(II), SH(III), GHE(IV);B, C, O, P
70148888;Schwendi-Metzg GmbH;Schwendi 308;3625;Heiligenschwendi BE;SH;SH(II);B, C, O, P
70736226;Schärer Fleischverarbeitungen GmbH;Sensebrücke 17;3176;Neuenegg FR;SH, CP;SH(III), CP(III);B, C, O, P, S
52227997;Service intercommunal de gestion SIGE;Quai Maria-Belgia 18;1800;Vevey VD;SH, CP;;B, C, O, P, S
70425416;Signer-Frick Peter;Ochsen, Unterdorf 20;9105;Schönengrund AR;SH;SH(II), SH(III), GHE(IV), PP(VI);B, C, O, P, S
64428066;SILA AG;Gewerbestr. 4;4446;Buckten BL;SH, CP;;B, C, O
74903220;Sonnay Eric;La Dausaz 1;1607;Les Tavernes VD;SH, CP;SH(II);B, C, O, P, S
44245815;Spuhler Daniel;Unterer Berghof 90;5465;Mellikon AG;SH;SH(II), SH(III), GHE(IV);B, C, O, P, S
70148605;Stachel-Holdener Josef;Firststrasse 7;8835;Feusisberg SZ;SH;;B, C, O, P
CH64016213;Stadelmann Joseph;Route des Fontaines 22;2952;Cornol JU;SH;;B, C, O, P
52126472;Sté coopérative de l'abattoir régional d'Orbe;Ch. de l'Etraz 19;1350;Orbe VD;SH, CP;SH(III), CP(III), GHE(IV);B, C, O, P, S
70147842;Sté coopérative de l'abattoir régional GPEO;Rte des Ouges 18;1660;Les Moulins VD;SH, CP;;B, C, O, P, S
64960113;Sté coopérative des Abattoirs;Ch. de Trérayer 2;1880;Les Posses-sur-Bex VD;SH;;B, C, O, P, S
A10859694;Stocker Simon;Sennhus 4;8820;Wädenswil ZH;SH;SH(III);B, O
ZB-10859694;Stocker Simon;Sennhus 4;8820;Wädenswil ZH;SH;;B
40973797;Sturzenegger Kurt;Sonnhaldenstrasse 1;8370;Sirnach TG;SH;SH(II), SH(III), GHE(IV);B, C, O, P
43363946;Styger Bruno;Gisenrütistr. 80;8820;Wädenswil ZH;SH;SH(II), SH(III);B, C, O, P, S
62474159;Störmetzgerei Pfäfers;Ausserdorfstrasse 1;7312;Pfäfers SG;SH;SH(III);B, C, O, P, S
93502924;Säntis Metzgerei AG;Dorf 813;9064;Hundwil AR;SH;SH(II), GHE(IV), PP(VI);B, C, O, P
41305370;"Thoma &amp; Liechti Fleisch AG";;3308;Grafenried BE;SH;SH(II);B, C, O, P
91604182;Tierpark Lange Erlen;Erlenparkweg 110;4058;Basel BS;SH, CP;SH(II), CP(II), SH(III), CP(III), CP(IV), GHE(IV);B, C, O, P
TI70678585;Tognetti Tessa;Via al Ticino 6;6592;S. Antonino TI;SH;;B, C, O, P, S
53577205;Tschumi Christian GmbH;Unterdorfstrasse 52;4244;Röschenz BL;SH;SH(II), SH(III), GHE(IV);B, C, O, P, S
81047276;Ueli Hof AG;Ueli Hof AG Schlachtbetrieb ;6030;Ebikon LU;SH;;B, C, O, P
52616580;Universität ZH Vetsuisse Fakultät;Winterthurerstr. 204;8057;Zürich ZH;SH;SH(II), SH(III);B, C, O, P, S
70147989;Urich Fleisch und Feines GmbH;Mitteldorf 3;4314;Zeiningen AG;SH;SH(II), SH(III), GHE(IV);B, C, O, P, S
CH41457439;Vallat Yannick;Rue de la Terrière ;2915;Bure JU;SH;SH(II);B, C, O, P
CH61800956;Vanhouteghem Michel;Faubourg de France 19;2900;Porrentruy JU;SH;;B, C, O, P, S
70149258;Verein Regionalschlachthaus Agasul;Vogtacherstr. 1;8308;Agasul ZH;SH;SH(II), SH(III);B, C, O, P, S
70600311;Viehverwertung Fischenthal;Tösstalstr. 428;8497;Fischenthal ZH;SH;SH(II), SH(III);B, C, O, P, S
41685362;Vonwyl Fleisch GmbH;Alberswilerstr. 7;6218;Ettiswil LU;SH, CP;PP(VI);B, C, O, P
81800763;VVK Viehversicherungskassen;Bahnhofstrasse 4;3465;Dürrenroth BE;SH;;B, C, O, P
70593633;Vögele Rolf;Gibriststrasse 10;5317;Hettenschwil AG;SH;SH(II), SH(III), GHE(IV);B, C, O, P, S
ZB-70149237;Wanger's Landmetzg AG;Wangen 17;8127;Forch ZH;SH;;B
70149237;Wanger's Landmetzg AG;Wangen 17;8127;Forch ZH;SH;SH(II), SH(III);B, C, O, P, S
80603407;Weber Jakob;Aewilerstrasse 1;9608;Ganterschwil SG;SH;;B, C, O, P
45848690;Weber Jakob;Gotthardstrasse 3;6415;Arth SZ;SH;;B, C, O, P
45101487;Wechsler Metzg AG;Dorf ;6244;Nebikon LU;SH;;B, C, O, P, S
42135031;Wernli Roger;Gansingerstrasse 20;5236;Remigen AG;SH;SH(II), SH(III), GHE(IV);B, C, O, P, S
42674660;Wicki - Stalder Walter;Dürrenbachtempel ;6192;Wiggen LU;SH;;B, C, O, P
41015272;Widmer Urs;Hintergasse 3;9620;Lichtensteig SG;SH;SH(II);B, C, O, P
46733798;Wildmanufaktur und Pferdemetzgerei Arn GmbH;Teufenthalerstrasse 27;5724;Dürrenäsch AG;SH;SH(III), GHE(IV);B, C, O, P, S
70218351;Winkler Fleisch und Vieh AG;Bielstrasse 49a;3250;Lyss BE;SH;;B, C, O, P, S
50358303;Wiprächtiger AG;Dorfstrasse 40;6133;Hergiswil b. Willisau LU;SH, CP;;B, C, O, P, S
79618227;Ürmetzg AG;Giessenstrasse 44;6460;Altdorf UR UR;SH;;B, C, O, P
53159495;Zeller Michael;Juggen ;9204;Andwil SG SG;SH;;B, C, O, P
68684060;"Zett Michael &amp; Pirmin";Hirschlenstrasse 5;8864;Reichenburg SZ;SH;;B, C, O, P
79870279a;Zusatzbewilligung Hoftötung;;8242;Bibern SH SH;SH;;